sentences,labels,sentences_zh
PMCE: efficient inference of expressive models of cancer evolution with high prognostic power,bioinformatics,PMCE：具有高预后能力的癌症演化模型的有效推断
A max-margin model for predicting residue-base contacts in protein-RNA interactions,bioinformatics,一种用于预测蛋白质RNA相互作用中残基碱接触的最大修订模型
Convergent evolution of primate testis transcriptomes reflects mating strategy,evolutionary biology,灵长类动物睾丸转录组的收敛演化反映了交配策略
Immunoecology of species with alternative reproductive tactics and strategies,evolutionary biology,具有替代性生殖策略和策略的物种免疫生态学
Association of NQO1 C609T (Pro187Ser) with risk of Oral Submucous Fibrosis in Eastern Indian population,genetics,NQO1 C609T（PRO187SER）与东印度东部人口有口服粘膜纤维化的风险
Resolving the Functional Significance of BRCA1 RING Domain Missense Substitutions,genetics,解决BRCA1环域错义取代的功能意义
Laser-free super-resolution microscopy,biophysics,无激光超分辨率显微镜
The effectiveness of glass beads for plating cell cultures,biophysics,玻璃珠对电池培养的有效性